{
    "T_Oil": [
        3.143032789176041,
        0.0004000008018663317,
        23.65372110651852,
        2.521580757952247
    ],
    "AC_UVW_01_AIR_1": [
        2.7866772246350444,
        0.00036605852372911113,
        24.077645452766724,
        3.1169162215365125
    ],
    "AC_UVW_V_Star_1": [
        6.553975154586137,
        0.0003761488457787329,
        24.167604383462237,
        2.3252849310017103
    ],
    "AC_W_01_01_1": [
        3.322048742052366,
        0.0003594271352012872,
        24.594256697737592,
        2.9181894308701852
    ],
    "LS_A_1_1": [
        2.147995762784883,
        0.00033717607550237487,
        23.72992236726758,
        3.1700045591389854
    ],
    "LS_A_2_2": [
        6.434842087848625,
        0.0003579134749388235,
        23.491772372654346,
        1.952632648972794
    ],
    "GL_B_L_01": [
        5.606503755097924,
        0.0003078137243952481,
        23.40686174995489,
        1.9889558363090885
    ],
    "TL041": [
        3.355332009998872,
        0.0003625306924281504,
        23.30836064319269,
        2.572726996933952
    ],
    "TG203": [
        4.1444063218758025,
        0.0003924427017336774,
        23.335980051102187,
        2.2182434505030737
    ],
    "RS_A_Rse_01": [
        7.136382975296764,
        0.00019602833970778905,
        23.276905868413714,
        2.6312270028714226
    ],
    "RM_B_I_02": [
        8.576312086259673,
        0.0001949757187755962,
        23.710013880901037,
        2.472412979640559
    ],
    "RM_M_A_01": [
        10.912320695166242,
        0.0001939401976245662,
        22.06501799221964,
        2.2000044519424877
    ],
    "RM_M_I_02": [
        2.5964113368917525,
        0.00019114009893932067,
        23.289845486325547,
        3.647009923622363
    ],
    "EB_N_A_43": [
        7.182573580966932,
        0.0003569069920961272,
        23.42478463200234,
        2.019806506251849
    ],
    "EB_V_A_43": [
        2.8117130152606156,
        0.00036120313675238426,
        23.536099395863427,
        2.977478977227102
    ],
    "EP_N_M_25": [
        4.854527211072333,
        0.0003718677279793051,
        23.572351826130156,
        2.5561624710760356
    ],
    "EB_V_I_25": [
        3.7840390052039443,
        0.0003646198173238016,
        23.59985684022176,
        2.8436107801908275
    ],
    "WN_B_I_43": [
        9.623934572786055,
        0.00038343048407716413,
        24.07404420195967,
        1.9338401163699863
    ],
    "WS_B_A_25": [
        8.900158874893146,
        0.0003832516947225219,
        23.988241569740076,
        1.9951932948997702
    ],
    "WN_A_A_25": [
        7.72024444386724,
        0.00038324550636860877,
        23.875291920027045,
        2.1235704768199417
    ],
    "WS_A_I_43": [
        10.050477466657885,
        0.0003868754102452163,
        23.827278510048064,
        1.9034561851797451
    ]
}